customer_id,churn_prediction,churn_probability
767114958,0,1.133557110827593e-09
708123033,0,2.3582483178439505e-07
715424283,0,4.834301745406248e-07
717865008,0,3.2075967506835504e-09
710188308,0,2.9601066912447594e-08
716574033,0,3.120916959100353e-09
713183508,0,3.193175164487826e-09
718583133,0,7.017269935540427e-08
783554958,0,2.418685192667002e-08
714418158,0,1.094428308341709e-09
710061783,1,0.9999997972389916
716225433,0,1.9959225918684592e-08
788327358,0,1.783138268169306e-08
714847983,0,2.547216744008334e-09
720031908,0,2.3641808230290993e-09
713700258,0,2.7065891974279584e-09
721265883,0,4.025972198954981e-06
715321008,1,0.9999999922351835
717831783,0,4.9366719986927884e-08
711480108,0,1.566316127088776e-08
797638383,0,1.569833214254104e-09
709950858,0,2.704268971680639e-09
717060858,1,0.9999999767216899
716045508,0,2.345637810491416e-06
787482033,1,0.9999914425694943
719601708,0,2.455495847501501e-09
717683583,0,2.505439065867036e-09
813905508,0,1.0879753051927245e-08
769985883,0,0.009863897268506923
718927533,0,9.339730694102386e-08
784868958,0,1.534104572405903e-08
787539333,0,3.208688154851163e-09
789871233,0,8.561259256358584e-09
826061508,0,2.6677408806700457e-08
716354883,1,0.9999997171437819
717678408,0,1.2193920327667053e-08
715341858,0,4.747524005439682e-08
713003358,1,0.999999915514592
713374533,0,2.3017188604104365e-08
709985133,0,3.9141778243417664e-07
771204108,0,2.0670497904791534e-09
713758758,0,1.1255358064332663e-07
709453833,0,9.631238762632078e-09
713227233,0,4.4180956111456195e-09
714967233,1,0.9953368034867912
714358008,0,7.223701661601072e-08
779514558,0,5.444987571987382e-08
794498733,0,1.9633909141036016e-09
793015083,0,7.77297309602904e-09
789212883,1,0.9999999640143207
718677858,0,1.2907907580217927e-08
713675658,0,1.600963327053995e-08
719523108,0,4.229136390597199e-07
708390633,0,5.161882122468371e-08
715098333,0,1.0007810559172956e-08
712060158,0,3.247596953151993e-09
716831508,0,3.7243706698201624e-07
778172583,0,1.9462533170455968e-08
789430083,0,3.780399968969503e-09
709996833,1,0.9999918961310679
708890133,0,3.2129644254108676e-08
773332908,0,1.2171087747354904e-09
715870758,0,4.049612273996305e-08
789363408,0,5.669019176958148e-09
779118708,0,3.3930430698628385e-09
710544033,0,7.003039308812563e-10
717500133,0,8.458370052906256e-08
712046808,1,0.9997267772186279
815484783,0,1.7954573352962406e-09
713843283,0,2.512877496215765e-09
717260058,0,6.740961777887941e-08
773383158,0,2.7581312032190892e-08
711041508,0,7.703482762425855e-08
816843933,0,8.035921293686904e-09
715043508,0,2.3125639366453342e-08
717241233,0,1.3269814741867073e-08
717521508,0,1.3017715767581435e-08
708331758,0,8.332786729469523e-08
715571583,0,7.109365719486891e-09
711146358,0,1.4863708359517156e-07
789594108,0,6.286556764436055e-08
779327733,0,9.363865368266224e-08
711391308,0,1.1237492552271428e-09
718994583,0,5.030032134109694e-07
718212633,0,6.098234689424763e-10
711861258,0,1.4376222324284787e-07
718123608,0,1.435744093483237e-09
718958583,1,0.9999883488362444
772207683,0,3.911558317606513e-08
719629308,1,0.8312894038087061
708303108,0,9.860002720796888e-08
788957358,0,4.617443543280148e-09
708727983,0,3.6337858187329574e-07
714217908,0,1.5067862753896723e-05
708928908,0,1.0356262502511275e-06
712411908,0,2.213225492678035e-08
771075258,0,1.7947377451164343e-07
717866133,0,4.614100985787425e-09
713652783,0,8.632099830305804e-07
714076683,1,0.9999999734682945
803963808,0,1.1819607627924414e-07
778968408,0,1.158968393311969e-08
720064158,0,1.8282117582893123e-09
778921908,0,2.0818381818694498e-09
770878458,0,1.1156780290893391e-08
786087633,0,2.177677582357096e-08
788752833,0,6.511175441927195e-07
766006758,0,1.826953320083484e-07
710342508,0,1.0016241451055549e-08
711422358,0,3.279672630210239e-08
778574283,0,6.533291360587217e-09
709987683,1,0.999999999529881
821168733,0,1.6762919180698788e-09
717765183,0,8.447325058050077e-09
708723858,0,7.274368263482611e-09
720618033,0,1.8457347594099515e-08
718899708,0,2.45049238543205e-08
716437533,0,3.4272631278372683e-07
717491058,0,4.957843245617143e-08
711029358,0,2.560924910858778e-07
716768808,0,7.704820481045127e-09
801056358,0,3.251882975425914e-09
779210283,0,6.969275731910902e-09
718441308,0,5.402486059781237e-10
713241033,0,7.018122695162625e-08
711064008,0,1.988990803258333e-07
772137183,1,0.9999998881886606
788739633,1,0.9999984152855519
708953883,1,0.9999999629367669
716549058,0,1.7853460584046206e-08
824789283,0,5.957544580250266e-09
788252358,0,5.695935972375527e-10
819752133,0,6.795446998367995e-09
716944983,0,4.935310749930978e-07
716545383,0,4.6684883166919036e-08
720836808,0,3.338449812614273e-09
783361533,0,8.419323799700765e-10
710893533,0,7.594123869651951e-07
709793133,0,2.0251220979658234e-07
716609433,1,0.9999993833663096
715222533,1,0.9999967667915233
713597658,1,0.9999910513187867
720837708,0,1.7785803134102874e-07
786546783,0,0.00047345864286135015
778747608,0,9.696446838323785e-09
801385458,0,1.1750283293279947e-08
720844008,0,1.8163752765451864e-09
754443033,1,0.9999998848635024
799486158,0,1.5736737916939213e-09
798140283,0,3.8684118693287206e-07
772036233,0,1.553343383115569e-07
711427458,0,0.008914352212667552
712727283,0,4.734597078643485e-09
710754933,1,0.9999995142719486
709938708,0,8.932128749762133e-10
710831133,0,2.1364286418530994e-07
715570533,1,0.999999889314318
794576058,0,5.272934009243833e-09
786557358,0,6.558256320444993e-08
708212658,0,2.3470786558097462e-08
818993508,0,8.348633284614729e-10
718466883,0,3.1536990761937636e-09
717085983,0,1.4252695023486566e-07
709986633,0,1.280818180214106e-08
779348358,1,0.9999997019100353
752944533,0,2.964541026811712e-06
712340733,0,9.442195932227096e-08
814459833,0,4.929018723343679e-07
718373658,0,1.1941075355036322e-09
771359958,0,4.0290014534503536e-07
779198133,0,1.894589352854841e-09
788618208,0,1.2601849325173484e-08
712288158,0,6.070042143811232e-08
711838008,1,0.9999996869116935
710202783,0,3.3429598921287757e-09
771976683,0,9.923724073810577e-07
716176683,0,2.4732609074346634e-08
711278283,0,8.345243045003072e-08
715019883,0,2.1951542644715407e-07
720292983,0,8.735852084384495e-09
716498883,0,1.239290088802203e-08
713798958,0,3.758155531744252e-08
716939358,0,2.7800128921537266e-08
709005633,1,0.9999972423499103
795573333,0,3.1671579067087044e-10
771069033,0,9.418566754983328e-10
801709308,0,1.3720943849550024e-09
716345283,0,2.7558767416040638e-08
714835833,0,1.451544969078202e-08
779783508,0,1.0846447991067466e-09
825767658,0,2.403685614950936e-09
717575958,1,0.9999993480512381
720753183,0,3.147997275813807e-08
711766758,0,5.556743399448515e-09
711397533,0,2.391062867434621e-09
767058183,0,2.677457339046186e-07
788864508,0,3.777930977489914e-08
778377183,0,1.5506539926438362e-08
710844408,0,4.134468718556693e-08
714919308,1,0.9999999832709104
708874533,1,0.9999999832858227
778356408,0,2.4699684497788783e-09
769035933,0,1.4149560594618198e-09
771228183,0,2.0914964946377647e-08
772539558,0,9.057705306483095e-08
714045783,1,0.9999999688206654
809797158,0,3.036877207390183e-07
719531133,0,1.0442051482450421e-06
719192808,0,5.126442826863749e-09
720662508,0,3.873545930820705e-08
820848408,0,3.0546049214391355e-10
712412958,0,9.944752005035891e-08
778984383,0,1.1613724981090168e-09
712865583,0,5.344302548908941e-10
819997983,0,3.483780582085523e-09
718301508,0,7.814254297927517e-09
789197508,0,5.0247865908879046e-08
809459733,0,4.7030406913582826e-08
813901458,0,8.180148699338428e-09
772360683,0,2.911411618650572e-08
779725833,0,3.08558751410653e-09
712996833,0,1.6052778584029374e-09
779681433,1,0.9923179405011658
787591008,0,2.908873305097075e-10
712642533,0,1.3873254228933488e-09
721051908,0,1.7666395903438558e-07
715503558,0,1.708549779743456e-08
709841433,0,2.2692918677149835e-07
710424408,0,1.8588523729002926e-06
709592808,0,7.114087349946226e-10
788038383,0,2.314410329910779e-06
714363858,0,8.434049853636815e-09
815015283,0,3.8761010650788744e-07
771336783,0,7.967848246562182e-09
738899658,1,0.9999992124849231
796170933,0,7.214484904827742e-05
720992883,0,4.450657796987941e-08
712238958,0,3.7025709998424757e-09
718530258,0,1.2301303314907735e-07
711794358,1,0.9999874003224836
716366208,0,2.041464413119906e-09
770038983,1,0.9999982615996648
709937583,0,8.024883392349098e-10
787623858,0,5.336225988406145e-08
711676008,0,4.1579022834265085e-07
812218908,1,0.9999999685115785
720281508,0,3.2354306752768008e-09
721139808,0,3.468136224140566e-08
709990983,0,5.48754399987517e-08
718244958,0,4.268022115640295e-08
756639708,0,2.0951904895834962e-07
718645308,0,1.7169385788053007e-09
717389433,0,4.3503984012887274e-07
779310033,1,0.9999999974318927
717192933,0,5.8387297578500015e-08
718379358,0,1.0464610665446345e-09
779661033,0,4.253287380593886e-09
715880283,0,1.9837703321003434e-08
719469333,0,8.675109710664152e-09
708974283,0,1.8353699607133884e-08
789859833,0,5.266995472655363e-08
772339383,0,8.826479901832195e-08
716319258,0,9.538324175046565e-10
720330558,1,0.9999999416550113
789827208,0,4.297475082266466e-08
751450008,0,2.1372410044734328e-07
789791808,0,5.242687212420671e-09
717321783,0,4.392341094978411e-08
712549758,0,1.430423930208929e-06
712470033,0,2.789135965329956e-07
719291283,0,5.189200604514435e-09
720413658,0,3.678302086193208e-09
709230708,0,8.039012603311558e-06
708384033,1,0.9994422152625281
715029333,0,3.5679780488665896e-08
771040758,0,6.288095396967329e-07
711635358,0,1.2880812509049027e-09
716604633,0,6.306352896849045e-08
716438433,0,2.0365299505719017e-09
711216933,0,1.4734741880923893e-09
713916708,0,1.3671935806488874e-08
710106933,0,1.8526076222780558e-07
806189658,0,4.1980306135582287e-10
770632758,0,8.436479016829051e-06
789238683,0,8.719257660112727e-07
711873033,1,0.9999982888230319
720384633,0,5.015857870017821e-09
712181658,0,1.1877334651549388e-09
714957108,0,9.686730407811609e-09
720247158,0,1.0312936670682286e-05
772313358,0,6.83118723739926e-09
803652633,0,3.079417181307972e-08
771422883,1,0.9999999797744579
718009158,0,5.181034983005277e-10
712612233,0,1.5156845479429752e-08
709901058,0,2.122656316677584e-09
716682258,0,1.0737213792188001e-09
711478233,0,5.157890363296234e-05
720040158,0,1.3730450728829992e-08
720212508,0,2.9459211984798148e-08
787605558,0,1.7424575205178942e-09
780557658,0,4.29971963076255e-06
709952658,0,1.8390551697457406e-07
793379058,0,1.1327749443954197e-09
716971833,0,6.634918110011199e-08
720997383,1,0.999999210923221
827111283,0,1.2481837178577065e-07
769396158,1,0.9999999879335905
820085808,0,2.711061794247586e-06
780349833,0,4.654364041502346e-09
715964058,0,2.069598618441182e-09
771903033,0,3.4955064639337793e-08
802668333,1,0.9999991565273354
718504983,0,4.974031409969045e-07
714882258,0,1.1549422534052985e-09
714211533,0,1.209363631759761e-05
720198183,0,1.832683692974372e-07
803587533,0,1.485708610779297e-09
720050208,0,5.211207922452735e-08
771058908,0,1.8440381865089478e-07
708971583,0,5.518092842732514e-08
788812608,0,1.7041637865996607e-07
805282908,0,1.2567999950950808e-09
717403158,0,7.860813047358507e-07
718418958,1,0.9999999878667397
721374033,0,1.3499593856876127e-09
710849208,0,1.1488328729772471e-08
771823308,0,1.4727328866787169e-08
719019483,0,6.873785901844341e-08
769927533,0,8.881867720116897e-10
718951683,0,1.2317841549997101e-08
709666908,0,4.28659786480069e-09
719857008,0,5.171626997720922e-09
788709408,0,4.959928351291195e-09
710641008,0,3.575000703459427e-07
815812683,0,1.0177140731286458e-07
717624708,1,0.9999999905872191
789398733,0,8.651243953471002e-10
716136333,1,0.9999992367806797
715162608,1,0.9999994157882297
710822808,0,2.4366967637131023e-06
714147858,0,5.7405278382915815e-08
767333808,0,3.804708288190471e-08
719654283,0,8.502933293649532e-10
766273533,0,2.0498932914363764e-08
779601783,0,1.79711623945184e-08
711370458,0,6.9943311298091e-08
715519983,0,8.890330754287347e-10
788782008,0,4.3069910427782955e-07
787595658,0,5.94582759972832e-08
758211483,0,2.3356041100158413e-09
710637183,0,2.392607244173889e-09
712144158,1,0.9999962804569725
715378383,0,2.612134111771533e-09
771061008,1,0.9999640524055416
719583558,0,3.976895377194953e-08
810986883,0,4.6642133015357375e-09
788797983,0,2.359589851840467e-06
815104608,0,1.9824369906127199e-07
715369008,0,6.143917509986327e-09
713418558,0,1.345566551033677e-06
708332808,0,8.174328756861768e-09
719729433,0,2.8264594483477464e-07
789022233,0,6.930967266212412e-08
714234858,0,3.1296150306226524e-08
709170108,1,0.9999999980390903
779727558,0,5.508052127268619e-06
708245808,0,6.983906872724011e-09
778255083,0,4.7186918985147916e-09
718755483,0,8.054577751211324e-09
712627083,1,0.984909065949674
788990508,0,1.16002645726059e-08
804437658,0,1.2212319864769678e-07
778430733,0,1.302680315407434e-07
808747233,1,0.9999999627091501
710555433,1,0.9997097853282797
708826158,0,9.582336437547808e-09
717023508,0,4.665520763924113e-09
719694408,1,0.9999852811045885
710014683,0,1.4605411261467741e-08
815596608,0,2.8267886584338817e-09
712721358,1,0.9999966300599469
716870583,0,1.2076331979622781e-08
780076833,0,3.175086512651183e-09
793616883,0,1.000541222472699e-08
789105183,0,8.815680438181767e-08
817970208,0,6.544786303331946e-09
779844408,1,0.9999999932816706
719206308,0,7.178223408886024e-09
721269108,0,7.516201698786692e-09
772139433,0,9.317591425848206e-09
717042333,1,0.9999999833221315
710273658,0,1.0972019890201659e-08
716626008,0,1.3830441975430257e-09
716230158,0,1.0346133694375674e-09
713010483,0,8.120215491736504e-09
711220683,0,1.975601550326142e-09
721398858,0,1.0630001742692554e-08
779400183,0,6.62085821965438e-07
789964983,1,0.9999993136017469
715102308,0,1.2180893477447482e-08
712730583,0,5.5526540592713095e-08
718870158,0,1.167020894221318e-08
719484408,0,1.6372536198201326e-07
720244983,0,1.4997839724516167e-08
781306758,1,0.9999999469794268
779412783,0,4.5434872761892843e-08
721217283,0,8.481322404381756e-08
815062383,0,1.1460898756048835e-08
714155283,0,3.5058389765720025e-08
716981358,0,1.101871822250859e-08
824915208,0,1.0066108452368696e-08
708498033,1,0.9999992511055202
716860233,0,1.0922599430322667e-09
709839858,0,1.4828406051071e-09
713144208,1,0.9999999869784282
708573933,0,1.8419622079820214e-09
712579983,0,1.679045828197209e-09
790099758,0,1.1683157886978743e-07
711305208,0,1.9519843392533052e-08
720062508,1,0.9999999474682039
708205083,0,2.9476759757289743e-08
772336458,1,0.9999999280253103
710986758,0,7.030584928508891e-09
789271533,0,2.266531530772142e-08
711360783,0,1.8314500711690107e-08
714035283,1,0.9999999751057667
720415833,0,8.65027645349608e-09
778873608,0,1.90738173992213e-09
718661958,0,4.4422262276308767e-07
719026383,0,8.257836190564203e-08
710229333,0,7.760919366749031e-08
720437358,0,9.401137896773914e-06
811467708,0,6.379034711211045e-09
778933983,0,8.714874186586764e-09
719413383,0,2.866961411589915e-08
718252533,1,0.9999657373100846
718188858,0,2.119695744551223e-08
711382458,1,0.9999731497394265
721212258,0,1.4252790659531982e-09
717600483,0,5.5246996723202815e-08
761544333,0,8.269515498070486e-07
809425533,0,5.4659020998328485e-09
709678608,0,1.2221229749533907e-08
713151258,0,3.4514520269958785e-08
715345833,0,4.1715243109139786e-08
720776508,0,8.150155569849843e-08
720689583,0,1.074411346452584e-08
801728658,0,3.786329015295438e-08
718979733,0,5.0760220195039874e-08
721163133,0,2.6773283986079775e-06
710595783,0,6.077398023319957e-08
714781908,0,3.931934291464471e-09
709618308,0,6.321302471807373e-09
713971608,0,1.1968432629476231e-08
718020408,0,3.2565843222029848e-09
716513358,0,8.776446300487932e-08
710401458,0,0.00021304135815752978
712177908,0,1.420969756188363e-08
719216508,0,1.977297945612009e-09
711017433,0,5.0762121970995515e-08
788386908,0,1.01982199823648e-08
710819733,1,0.9999931859134409
711978858,0,1.528852718740896e-09
807136758,1,0.9999999709162204
716138958,0,8.328694265436834e-08
713070033,0,3.1000973656433046e-08
827055333,0,3.198208780628509e-06
827408058,0,5.155621589929425e-09
793608258,1,0.9999998884551742
717013383,0,3.768202313325579e-09
714320358,0,2.1562428967753235e-06
716948283,0,2.1454469454529637e-08
717657333,0,9.164315194186521e-07
788687133,0,1.6123982175297945e-06
710736558,0,8.809939400622911e-08
708721533,0,1.6499383585199227e-06
817108083,1,0.9999998830183666
719737833,0,3.868379580521078e-07
813967983,0,1.6695451036180237e-09
771464808,0,7.902023885152137e-09
713025558,1,0.999994186097328
779016408,0,1.0051897178670947e-07
712096758,0,1.3462202810620864e-09
789523683,0,2.1342150303241886e-08
713177808,0,2.654848080635084e-09
718777008,0,7.896181730098921e-06
711004533,0,2.8108072913691038e-08
720046458,0,8.863513328619028e-09
710453283,0,4.748727875031376e-05
708736608,1,0.9999989410239861
778908783,0,1.511206176074228e-08
716056158,1,0.999999971011915
773257233,0,7.716578541892776e-09
711371208,0,1.3741468123428784e-09
711831558,0,2.411831738175448e-09
712164333,1,0.9999998896228248
780126033,1,0.9999993108313481
821889858,1,0.9999994382033034
779656908,0,6.596231858785193e-09
766821033,1,0.9997350127714498
789196158,0,1.3442036907962491e-06
714228558,0,7.597913028183903e-08
827360883,0,3.9029116221453365e-08
712815858,0,8.442372746799128e-08
714533058,0,2.157856530298051e-10
790149483,0,5.7935964580750675e-08
771584658,0,1.4654088553282144e-08
814181433,0,1.3913478387779282e-08
788761608,0,8.949267330984684e-09
709009833,0,4.8235398493098e-08
708244458,0,3.915141470067066e-08
797998158,0,3.5477639339458055e-09
808279158,0,1.7200667031466307e-08
804601833,0,9.850895824078684e-08
789690483,0,1.787481968225962e-06
819109308,0,9.774305170299371e-08
739317558,0,3.063651491101536e-09
721305408,0,8.708854651696201e-08
716535408,0,8.130336437884079e-10
719391783,0,1.3066985266229929e-08
780602733,0,1.938069162162721e-09
789556533,0,3.6263179636024894e-09
713422083,1,0.999999176513044
721506708,0,1.281855327488685e-07
715774833,0,3.823109472889249e-08
714962658,1,0.9999999976804821
783561558,0,9.888522355977987e-09
826709658,1,0.9999999789496934
790017858,0,7.787461254393462e-08
712319958,0,4.5178435931812003e-07
717483558,0,1.1295402129855091e-08
713985183,0,1.5112095534562348e-08
708404883,0,2.610352372641291e-05
717208833,1,0.9999828697928577
816091608,0,6.038088631273308e-10
709087983,0,7.27198875366925e-08
710763783,0,2.2638959579185822e-08
719018208,1,0.999998754809579
713976258,0,2.9635504600218365e-09
709554483,0,1.5031352059127986e-08
794485158,0,8.500448151879564e-09
718795083,0,2.817640120749823e-09
826451433,0,3.4770096761222612e-09
826717533,0,1.246260331090847e-08
715294083,1,0.9936103780184725
779187783,0,1.1998742261098848e-08
719513733,0,2.7399617295411085e-09
709816158,0,4.1064553255409224e-05
711720408,0,3.771554173969955e-08
714960408,1,0.9999999926767682
770746908,0,3.4836760086662522e-09
716101308,0,3.432864848623098e-08
809825358,0,8.767611461700634e-09
719826333,0,1.2886881158177793e-08
710207208,0,3.8215870160490146e-08
720128658,1,0.9999994273477537
780727833,0,3.97048368691723e-07
802247658,1,0.9980975525942165
717787533,0,1.9938739899308815e-05
721115733,0,4.425926352966891e-09
709446783,0,1.6318940196961478e-06
784719708,0,2.4390972085719768e-08
718570158,0,2.015784970491594e-06
709965858,0,1.807059556707075e-09
757594083,0,7.285736803362269e-09
789599283,0,3.10599180975296e-09
718947558,0,1.753189087427242e-09
721147383,0,1.0822941953825213e-08
720683958,0,2.627770822601333e-07
780657708,0,6.700303193854432e-08
713935533,0,9.747780525549186e-10
713948808,0,1.1743846722953501e-08
715406658,1,0.9999997997398057
772640808,0,7.729664271899813e-08
708496833,1,0.9999950574645623
804847308,0,7.490824141130958e-10
716931183,0,2.1169272993699495e-10
714030183,0,1.2404553669111446e-06
809296308,0,1.4794416998471298e-08
708358683,0,1.139708336059759e-08
794664183,0,6.209970965104986e-09
712475733,0,1.725160756948727e-05
708770883,0,7.895953244651257e-08
821339433,0,1.3525919497595293e-09
709206333,1,0.9999984539880516
806914158,1,0.9999999963160306
709607733,0,1.3961735447591154e-09
712843983,1,0.9989568867938559
780511683,1,0.9999611434259863
709161108,1,0.9985252368968719
708272808,0,1.1670151491703368e-08
708680583,0,1.0814616739269286e-08
708712833,0,3.190367688879332e-08
711947358,0,3.309022070173376e-09
719634408,0,1.162385471749713e-08
718267233,0,1.2592497756726968e-06
715479483,0,2.2295453338294047e-07
711164508,0,1.6488739079177155e-09
719294433,0,1.5287777884821451e-09
714412308,1,0.9999994841753913
716434533,1,0.9999999916581107
719061933,0,1.1800483582231653e-07
719091333,0,4.249541346952989e-08
716573058,1,0.9999999679483126
740784258,0,6.706327820816116e-10
711863433,0,1.6991499198326744e-06
780529908,0,3.0608443106717967e-09
715132758,0,1.919331425190642e-09
713934633,1,0.9999429121254638
827423433,0,3.17181201284571e-08
708385533,1,0.9999986125365316
789407958,0,1.828192572446474e-08
712589658,0,2.0517857680467438e-08
714759708,0,3.773514937459889e-08
826068183,0,2.2682314091129506e-07
709913733,0,1.3211042308949145e-06
789744033,0,1.7714036602468083e-07
710926383,0,4.319671800775225e-09
714052158,1,0.9999999530517458
714900408,0,0.002233187581477905
787532808,0,1.7991296092551132e-09
802449933,0,8.70580644555491e-09
755996583,1,0.9999999869207128
709625733,0,1.912835762045125e-08
719686458,0,2.6553482601689715e-05
708642708,1,0.9999999989180854
790082508,0,3.3098152252130406e-08
713205108,0,1.113705485821895e-09
710838108,0,1.085598907006504e-06
714427608,0,5.813033839838708e-10
711655683,0,1.3104648289901936e-08
826168083,0,4.201563892169952e-09
708553008,0,0.00015578223392012574
719554758,0,2.0903539988249233e-08
820383558,0,1.0406007800633263e-08
817293258,0,8.34254833540351e-09
709275558,0,1.128398568609693e-06
816078708,0,1.0325786998869298e-09
719490108,0,5.528976203161837e-07
710410158,1,0.9784564800867227
813961233,0,2.8555141557636087e-09
714259533,0,2.7712743393712904e-08
713550483,0,2.0287459525145633e-08
719073483,1,0.999984814975962
710428308,0,8.018580914893437e-10
779340183,0,3.0623938633248554e-07
788820933,0,2.5393472954942516e-10
798022683,1,0.9999998435872093
717273333,0,9.171979090918994e-09
713952558,1,0.9001918720538578
712545183,0,1.6041740579297832e-05
789611283,0,1.048793156449001e-07
713339283,0,4.619037159818628e-09
721032633,1,0.9999999515823225
719953383,0,5.0824061316985314e-08
712814658,0,2.8523387967128084e-09
711764733,0,4.1459840209427063e-07
715915458,0,3.024901480027006e-09
720712533,0,8.547387419948484e-09
709984083,0,6.533625335594694e-09
719268333,0,5.5429150500785604e-09
790048158,0,1.6561925728366118e-05
717856983,0,2.709117109180495e-07
715545933,0,6.530569827088922e-10
709861008,0,1.5598249933228223e-08
712863183,0,1.498878633578097e-08
712423233,0,6.862295238503993e-10
711648708,0,6.60702928541477e-09
714864333,1,0.99999836883708
788830683,0,1.7746886382189872e-08
719358333,0,6.992518204669949e-07
789541458,0,5.8007608528751e-09
711589758,0,1.2200640246676724e-09
711574008,0,2.8859604464079485e-07
779548008,0,1.7850770337135132e-08
801037833,0,3.9687531477726924e-08
720924633,0,1.670435756684251e-05
718596858,0,3.4175953620847245e-06
737967708,0,7.948037656607377e-10
798110358,0,4.673063124539256e-06
789582483,0,4.0206146571376957e-10
710529708,0,6.04292489489897e-06
789526458,0,1.1901188636506242e-07
711039633,0,9.946498048672007e-06
828294933,1,0.9999914190043576
720422358,0,3.546949839847467e-08
720252858,0,1.733657393424333e-05
788966958,0,4.833722151855222e-08
714435408,0,1.0048756533025669e-08
713453733,0,8.918518029476813e-09
711208083,0,1.3096121608557135e-09
721220583,0,4.849950425203698e-09
720205608,0,9.181138582212871e-09
789983133,0,2.6318665123884396e-07
787581858,0,2.3131035927329217e-08
708705783,1,0.9999877300109627
717234183,0,4.7016136155904416e-07
808705758,0,9.787231378283467e-10
711183558,0,2.9454482434430627e-05
812979408,1,0.9999999429562044
715354008,0,2.9268697667432923e-08
721062408,0,6.019393995159661e-05
712410858,0,5.970784561753675e-09
779116158,0,2.3928202432896064e-05
712866933,0,3.49834415794441e-09
710411358,1,0.9999999407439448
771881283,0,3.6637749053827815e-08
715363908,0,8.624020612116632e-06
789560433,1,0.9999942663409385
709752183,0,8.524875497436906e-08
807161508,0,7.897608674078561e-07
708393633,0,4.773057824755091e-07
771886233,0,1.6103060459151244e-09
716930133,0,1.664997786528956e-06
809937933,0,2.470702450857933e-09
816596583,0,2.41023044428838e-07
718803333,0,1.0866856539162336e-07
795237183,0,8.3835348301449e-09
720419358,0,5.876874204891831e-09
719514783,0,5.336324355015239e-09
780374133,0,3.377250627655419e-08
810868758,0,1.476777592933668e-09
714286383,0,1.3919996748686698e-09
708588408,0,1.2262560461717806e-07
813338733,0,5.510753643469504e-10
788826408,0,1.3267172490513083e-08
713134458,0,8.115556222024802e-07
716350008,0,5.831949363473128e-10
738062658,0,6.1998900822302015e-09
709449333,0,2.7674502385615197e-10
718665933,0,8.07386453467535e-08
748503708,0,2.1119333252525746e-08
807141183,0,1.9899011800373853e-07
766381908,0,2.7489185940523725e-09
822112383,0,6.730217422416897e-09
709061658,0,6.786722794489146e-08
797166633,0,9.844989350153173e-10
789435783,0,4.9745980530885187e-08
708266883,1,0.9999998044077852
716793108,0,1.5654149735708205e-08
712253058,0,4.386735594417823e-09
716430933,0,1.6884035283580892e-09
715746633,0,5.88736664450943e-07
714842208,0,3.4210854906200196e-09
713879283,0,2.0113036077410795e-07
778679883,0,2.130849144912829e-07
712110333,1,0.9999999898210296
720724008,0,4.158730798759124e-09
708387933,0,2.270722210701852e-07
712165308,0,8.949600148664015e-09
720283758,1,0.9999992963957974
708473133,0,4.212807608626725e-08
810493458,0,6.573219759546115e-08
711122958,1,0.9999936447051249
721502958,0,6.151166962686156e-07
715908558,0,1.7572080628425542e-07
711594858,0,1.4702933520026489e-08
789513858,1,0.9999999134763203
712795833,1,0.9999551694102166
719628033,0,1.2032305887313952e-07
718282983,0,5.4877593922918996e-09
714121983,0,3.506476479107473e-09
709791333,0,2.018659890022077e-08
779916408,0,2.8440177764941683e-08
711657783,0,4.298029859321163e-09
780203883,0,4.396319425063921e-09
709367433,0,4.425504412923883e-08
736145283,0,1.0412494497564029e-08
711516783,0,9.208755259107223e-07
712104333,0,9.49738195287235e-08
711116133,1,0.9999999394688789
712988958,0,1.8003751050069296e-08
771201408,0,2.2577423300892316e-09
712011633,0,2.2744153403500823e-09
713579733,0,4.465196180748419e-09
796544133,0,6.495841295610346e-08
709272333,0,3.153569676172807e-08
715153158,0,5.317519970508326e-09
779342958,0,2.4104496025217704e-08
810545733,0,3.391934574746821e-09
805453908,0,3.301855392994419e-10
817086783,0,2.6152356625622554e-08
714943233,0,1.4649845410786549e-09
789097833,0,1.7243511082131552e-08
759584958,1,0.9999991606233287
708886533,0,3.4155213355583134e-10
708761733,0,9.103172263263235e-05
711600033,0,1.1151983521078443e-07
769935783,0,2.363912520743414e-07
717446208,0,4.1911237028193134e-09
721121283,0,5.239344233915561e-09
819151083,0,4.494235802159282e-09
716470683,0,5.603243047524224e-09
779643858,0,3.1944150531827857e-07
787665258,1,0.9999999448566427
787475433,0,1.204020538370649e-07
717448383,1,0.9999961937609643
710812533,1,0.9999999424240225
716461683,0,1.86380716599773e-09
814571058,0,8.827737513615622e-09
712071708,0,1.3198697370231123e-05
720769533,0,2.5327547687358304e-07
794581533,0,9.653376978926196e-09
715732533,1,0.9910028070913062
708286683,0,8.200384715213576e-09
708543258,0,1.019628284806143e-08
713809833,0,8.354126639079358e-10
793636308,0,1.3065807866850088e-08
789095958,1,0.9999982712070306
757722708,0,2.3588089481741738e-08
738627708,1,0.9999988847100933
820353558,0,1.742986722632914e-07
718739508,0,4.3132323951798234e-05
788943333,1,0.9990208675975474
708397008,0,1.3178904192580888e-09
711392508,0,2.4930844214407756e-08
780653208,0,1.0273372832426256e-08
710251608,0,2.016751494415858e-06
719354433,0,4.375424233067037e-09
710676483,0,2.183597470818648e-07
826414083,0,2.9475967540352686e-08
720673008,0,5.77575307710307e-07
716736858,0,1.5375778862088676e-09
715660308,1,0.9999998690182795
785387883,0,1.6967646240963668e-08
721028283,0,1.4188645890853707e-09
717797658,0,3.4976153632873743e-08
712390683,0,0.00019145591694774895
717965808,0,8.579443343239567e-07
721514883,0,1.3087839745295821e-08
718477983,0,6.912315785513499e-08
719671383,0,2.3167807177569708e-08
711191808,0,2.189982657395673e-06
708637758,0,2.5291593087546433e-06
794675058,1,0.9999996287852259
720508233,0,0.05321236165128535
713094483,0,3.5179183925843787e-06
780064983,0,3.055477808048457e-08
710155158,1,0.9999998833439357
710904708,0,3.46479223104485e-09
801715383,1,0.9999999954631189
806889633,0,1.9392096566672244e-07
794831733,0,4.0361784481848514e-08
712019883,0,6.772807113087197e-08
770956158,0,3.36330894568189e-08
778386033,0,6.295795856781799e-05
708147108,0,4.8490199885133745e-09
710310108,0,9.551956027014021e-08
771982083,0,3.661431399485657e-09
714754533,0,6.811870925339564e-10
717626508,0,1.0834069394629274e-08
718328283,0,7.186798583496973e-08
716739258,0,2.560798619614827e-07
714277758,0,5.876612309702182e-06
720210483,0,7.775875390386963e-09
720411183,0,2.3149498780186928e-09
711379083,0,5.312427606123104e-10
798558783,0,3.597066785590878e-10
713363583,0,1.9015616935116535e-09
720339558,0,2.0052438890882867e-08
715008858,0,2.7150463441998783e-09
779037408,0,1.5074689564860205e-06
721513833,0,4.624441021876402e-09
714311583,0,3.902670013404504e-08
797414733,0,1.4013270487387467e-05
716864733,0,3.7232474515967126e-08
712924383,1,0.9999997036604386
719854008,0,7.534255041745401e-07
771630783,0,1.5907736579795288e-08
771471708,0,2.2783762790725874e-08
769463433,0,2.4504530894493814e-08
711377808,0,6.5083677967696075e-09
713133258,0,1.427485501446546e-07
718162908,0,3.8379043050618e-05
713257083,0,3.9258875572943224e-10
772687983,0,5.246359464126185e-10
711535158,1,0.9999976398534719
799700208,0,2.8419028105681165e-09
717177783,0,2.409868401119507e-07
711402333,0,2.555673099674553e-08
714304458,0,2.016432268999036e-07
713347608,1,0.9999999465643075
718303683,1,0.9999995467056723
714317058,0,5.06849198143604e-08
718152333,1,0.9999999904427458
716385033,0,1.712874434448972e-08
720674133,0,2.6317481308523045e-05
719153433,0,5.430148916358284e-10
712765158,0,3.6662118478339357e-06
713229633,1,0.9999996269525614
712256358,0,2.0855842580508895e-07
717656433,0,4.336564752446054e-09
771081558,0,8.891757705620332e-09
710702733,0,4.4891068860776236e-07
779612808,0,2.2965093648880813e-07
713904708,0,4.569487322785184e-10
716546283,0,1.5311067342573308e-07
711670308,0,4.354226940216607e-07
710856558,0,7.802929493616748e-09
713639958,0,1.0314565224090996e-06
716987358,1,0.999999615833992
720008133,0,2.6543401404754013e-09
710084883,0,5.9533092039039084e-09
816476658,1,0.9997742455556016
778486008,0,6.111981661729093e-08
769053033,1,0.9999999505958688
716171358,0,3.884891854013973e-09
772684833,0,7.295410021768308e-08
709485033,0,1.5343590617459791e-09
713352183,0,4.673927429698325e-08
712557708,0,1.1745014363795173e-08
821149008,1,0.999998755485883
711816108,1,0.999999989969855
712532058,0,5.656433028286275e-08
718811058,0,3.128965397868531e-09
713696808,1,0.9999999953538663
753233733,0,3.8766517181254715e-08
717030633,0,3.265678220475646e-08
718320933,0,3.740255935622024e-10
714608583,1,0.9999995857153603
715942683,0,6.092185579282368e-09
771356508,0,4.2294537427475457e-08
711326583,0,1.7700264206748783e-06
714621183,0,1.396480293419661e-09
712805658,0,1.0315982611490559e-07
808981608,0,6.778857054429415e-10
718337733,0,5.002397847298664e-09
715921758,0,3.257664342713578e-09
779803008,0,1.7069073793223827e-09
717195933,1,0.9999999983498287
712562433,1,0.9999999854715691
769578108,0,5.6797175963389346e-09
715442958,0,9.570998297653991e-09
708402333,0,7.232867009728133e-08
719334408,0,7.250313004004373e-07
788246958,0,1.139173513239439e-08
780336258,0,7.958765888735067e-08
772706283,0,4.846436115954623e-09
780684933,0,3.636046613012908e-10
712927383,1,0.9999999955427799
712820208,0,2.8596300223361132e-09
721434483,0,1.056167918183848e-07
720659283,0,2.4306117066367507e-08
716004258,0,1.0596698405086915e-09
713111883,0,2.0037555597790636e-07
772248408,0,1.2372376070848718e-06
787492908,0,1.1736320752486931e-09
718227033,0,3.863481452359987e-08
711320508,0,3.42347662131349e-09
718828083,0,4.478907203240185e-09
709823733,1,0.999998958020396
772116408,0,3.081649660132705e-09
717355533,0,1.3366237929970255e-09
715932708,0,1.208443429419843e-08
719679858,0,9.728464362865925e-06
772323033,0,6.034143590534336e-09
714168183,0,8.772166465075894e-08
710719683,0,4.214792561259399e-09
719876808,0,2.4648961537163627e-08
778894233,0,9.530405589552056e-10
712881483,0,0.0036883450095793174
789481233,1,0.9999937102120988
714767508,0,6.11869299921197e-08
789144633,0,2.695849136409178e-06
710635083,0,5.219437151356098e-06
711557508,0,2.228194778855346e-09
720650208,0,1.4922824995283387e-07
810856833,0,2.335960923313508e-08
712828533,0,0.0011997652420952618
714503433,1,0.9999999911063616
817245183,0,3.2367853728306104e-10
709106358,0,1.9337028318902433e-07
720179883,0,1.761824808873441e-07
816756783,0,1.9004121755891482e-08
812501358,0,4.943370574088657e-08
717203958,0,4.58367290829845e-09
719661558,0,1.1550021731398319e-07
716297658,0,1.10526783994716e-05
756065433,0,1.9029206329862537e-06
717076458,0,1.6771078306303541e-06
716586408,0,1.3819662848516504e-07
719776608,0,3.0624418986665265e-05
710268858,0,1.3589723871479245e-08
719400108,0,1.8627484262585962e-07
715398858,0,1.1783147592793468e-05
717359208,0,8.940922663207106e-10
788595183,0,2.9095639496561397e-08
772082208,0,7.741384097866618e-09
720770883,0,4.05557267840282e-07
716263533,0,2.1046171954126144e-09
719848008,0,6.674242837592147e-09
717073308,0,1.658869706791742e-07
716277558,0,2.9880742862229813e-06
712010358,1,0.9999998852561295
709319658,1,0.9999981908627484
794665608,0,2.8955318278654135e-07
708997833,0,1.3534669473268139e-08
717135333,0,1.0654633449652495e-08
795784008,1,0.999999904440148
711728208,0,7.839728949594188e-09
737925558,0,9.12650426434336e-09
719147208,0,4.461854996746799e-08
715941633,0,7.949419207716023e-07
714078558,1,0.9999998416128983
719453283,0,1.1432828219743082e-09
794507133,1,0.9999999188668415
710790258,0,1.2299931284739412e-07
755953308,0,7.935929834634506e-08
712710708,0,5.910886807218604e-07
717843783,0,2.362312877236117e-08
710297133,0,3.2192453296876377e-09
716222808,0,1.4682370143189641e-09
714069858,0,3.8023312593910947e-07
787659483,0,1.9068303040650868e-08
757167633,0,2.2036278449584263e-09
717207408,0,6.477205561872053e-08
778224858,0,7.513399548899064e-10
709103358,0,6.799331727871766e-09
816829608,0,1.9343428069955304e-06
719838558,0,1.8189566149882042e-09
718161708,0,0.00017649240824797223
717382608,0,1.2413443442440059e-08
711762408,0,6.713822739893424e-10
811571733,0,1.395882753180349e-06
779403558,0,1.3545364797119467e-07
718399233,0,9.364294039284346e-07
711343233,0,3.81154960427617e-07
779536233,0,1.1650079273157715e-08
718893333,0,4.8229308137171186e-09
716697708,1,0.9999999727852552
708788583,1,0.9999996142867333
713808633,0,3.329058117045105e-08
721210158,0,8.416459364717136e-07
789666333,0,3.295120493562323e-09
710872233,1,0.9223636539654267
780497958,0,2.196438864333789e-08
798047583,0,3.7660699202166856e-07
817089408,0,2.9378018040402174e-09
787472283,0,1.4742123532598557e-09
801786483,0,5.434897956441141e-07
709040508,0,1.7684639004852673e-09
709257708,0,1.7310121036042956e-09
753118533,0,5.5250879884165024e-09
812222208,0,1.8482268319652753e-06
714187533,0,1.941259868231892e-06
789180933,0,6.402218005711962e-07
718140783,0,2.049807230548204e-07
713924283,1,0.9873477834877388
713236458,0,3.560448316457038e-07
816315558,0,2.1976559467948276e-06
770135358,0,3.1853980732457315e-09
714284358,0,1.7982504867251632e-09
712965183,0,4.010288306673093e-09
713668158,1,0.69669458014324
784819758,0,2.361514738483391e-09
712025958,0,1.1890226417489879e-09
713653983,0,4.0935024671590263e-10
712619808,0,1.4528683082423675e-08
710086308,0,1.0632953297019397e-09
711781233,0,2.1724284095776e-08
708254733,0,2.5189342218510323e-06
788930358,0,1.0007988484546563e-07
714361083,1,0.9999975034742273
713253858,1,0.9999998943458256
771020133,0,2.2843465763594815e-06
719593608,1,0.9999999455858625
714407058,0,2.6531787807693138e-08
721282908,0,6.769066770923794e-07
771507258,0,3.9321367186496134e-08
716285358,0,3.3548464627988804e-08
711985833,0,0.00452415650554305
717182883,0,8.593027406636163e-08
714618333,0,4.982768528670593e-09
709443633,0,2.451281958723009e-09
778180158,0,7.479442056785708e-09
713755458,1,0.9999999894559582
767269908,0,1.3340686405788646e-08
778231983,0,1.0714490921735018e-09
769911858,0,1.0594611470559981e-07
711866358,0,6.371848107316659e-09
774437583,0,1.0462435495518596e-08
711232608,1,0.9999999017663496
721315233,0,1.8229069823707086e-09
713401758,0,2.5254436701850894e-09
769438608,1,0.9999999576120273
713172408,0,1.6581693244068303e-08
778425408,0,1.857277662184955e-08
718611333,0,2.6685182811064926e-09
771400608,0,2.1046157864384906e-08
719990358,0,8.357745405539134e-08
714250908,1,0.9999998807857189
715992558,0,1.936677708761349e-09
713181558,0,3.853681648304294e-07
793597833,0,1.3774486269916443e-09
816013383,1,0.9999999567257981
715518783,0,1.4714878506466689e-08
779353083,0,6.183351978677266e-06
719881533,1,0.9999941580523649
792864858,0,1.0716698607957757e-07
808681158,0,4.49408886397726e-06
717390408,1,0.9999690490632649
720551733,1,0.9999999717801301
772273983,1,0.9999999945256244
720648483,0,4.2042243668365384e-08
721486908,0,4.699066509481707e-08
716657058,0,3.209910491659013e-08
713630733,0,3.0285046768609157e-06
718586133,0,4.043844803658213e-08
717482658,0,5.3190322627585814e-08
718503108,0,1.4093607366296793e-06
714148758,0,0.00029501699236939987
708902883,0,1.935768505547044e-07
771499233,0,2.5160808204678147e-09
714113658,0,3.878552895335667e-08
713231658,0,1.4143825010065759e-08
708319908,1,0.9999999643651404
715629783,0,2.6161290072160948e-09
820587258,0,7.792757954893802e-08
771852483,0,1.0979255040370775e-07
712578933,1,0.9999994754972257
711263058,0,2.6061779480115163e-08
779405133,0,7.058040079941225e-08
716094333,0,3.1808183357056888e-09
778837083,1,0.9999781266994034
712434708,1,0.9999999902480216
771431133,0,3.441628362877853e-08
709716258,0,9.844979628298363e-09
710464683,0,3.2621916126801996e-08
787543008,0,1.5621384161033594e-08
709363383,0,4.516327821893017e-09
817988433,0,5.239390966178497e-10
717189183,0,6.375020357186556e-09
710854008,0,1.7805309014275489e-06
714531108,0,2.1595026580061507e-08
778420383,0,1.6418594317242707e-08
809068983,0,1.2517952516172735e-07
713131158,1,0.9999988981511868
709649958,1,0.9999994226550692
754886958,0,7.590182147232624e-09
713476758,0,3.1441624243612523e-09
709473708,0,1.80932411039165e-08
708190158,1,0.9977071160485647
719813058,0,2.7340810437130006e-08
708158133,1,0.9999997717342707
815826708,0,1.0422511462538122e-08
712682583,0,1.0137349263475791e-08
714917583,0,1.956339026077602e-09
711577458,0,5.473454510813866e-09
717623583,0,7.221286411313467e-08
708899283,0,1.6704206696110905e-05
720249183,0,2.5430871680778855e-08
718653333,1,0.9999999982162331
721424583,0,3.6919240853150806e-09
708451233,0,4.83712925140762e-06
788122533,0,1.4226167904324022e-05
708298233,1,0.9999362402893388
711935283,1,0.9999995241727028
769892058,0,2.265894714254134e-08
717954333,0,3.579901031427454e-08
820108008,0,5.572258694188032e-09
712840608,0,1.5158987928979782e-07
817240833,0,1.1730862606304387e-07
771051783,0,2.003126182942096e-06
779895108,0,1.5393364014084667e-07
714811533,0,6.320690116209102e-07
714945708,1,0.9999212678781888
712925808,1,0.9999998864770994
712302783,0,3.278078535048869e-08
710725383,0,4.610051956553445e-09
708710283,0,5.049427720390673e-09
708382083,0,4.0961112289691707e-07
767404083,1,0.9999999137108276
773297508,0,4.911420180346607e-07
717478983,0,9.6707471789866e-08
709679658,0,1.9848257607531812e-09
721427358,1,0.999999927566129
718178583,0,2.560614887493116e-08
718489608,0,3.748674530792496e-08
721349883,0,1.4630495559740624e-06
787505133,1,0.9999962069350488
711521958,0,1.425252099765517e-09
708271833,0,4.803127749318195e-07
711242058,1,0.9999971319910085
718524783,1,0.9999987049052912
715050408,0,3.3804270935026015e-08
757527033,0,1.318409977099633e-06
717580458,1,0.9999905207653248
714938733,1,0.9999999431721694
719170683,0,1.4450953302068519e-08
715347783,0,2.468962932502139e-06
790108908,0,3.12146910493461e-09
789218433,0,2.7328208481597157e-07
789469083,0,1.9267423861133585e-07
715797783,0,3.5470376431900035e-07
713761608,0,7.004403711615343e-08
771669183,0,3.41225452878653e-09
779521533,0,5.380185853774466e-10
715554708,0,8.823517401010442e-08
767687208,0,1.2276513624806643e-09
708655983,0,1.996693618637836e-06
720729108,0,1.5262412303068974e-08
708722583,0,5.142885993938061e-09
715371108,1,0.9999993421204814
797238108,0,6.2356962728317015e-09
718640508,0,1.4055456034438204e-05
709487058,0,3.810116338701782e-09
712948383,0,1.510399972321116e-07
708469533,0,2.5140422711143274e-08
709104333,0,1.9977890189214407e-05
755420433,0,1.892797719367159e-08
718996758,0,1.0091456263901306e-08
719445633,0,3.0580388835135463e-09
709231683,0,1.515446971800137e-07
708846183,0,3.7242387318189647e-09
826723308,0,7.85228698842951e-10
710825658,0,1.7982175435616923e-09
796931508,1,0.999999968014264
808753758,0,1.933457324661522e-09
789494133,0,2.516635685410768e-08
816312633,0,1.1515648025757663e-06
720029508,0,1.1533565585039014e-08
714971583,0,1.5560677163610807e-09
789325008,0,1.1736379571894339e-08
713287608,0,5.098524738316319e-06
754872333,0,2.1672059756469476e-06
713573508,1,0.9999999638970127
718875483,0,2.5820148688949064e-09
780237033,0,7.012594379564349e-08
710363433,0,1.8426292121306602e-08
795232683,0,7.498261926115965e-10
719577258,1,0.9999999550737222
717400533,0,5.629035012678201e-06
713047608,1,0.9999985256512832
716645883,0,1.889013774343588e-09
709707033,1,0.9999999403844555
711112683,0,4.683645609409136e-08
799723908,0,5.213416071812749e-10
712290258,0,1.2507358405192852e-08
710462433,0,1.1365188711258404e-09
812446158,0,5.3339849751336205e-08
788741733,0,1.601637317969827e-09
780201633,1,0.9999999410599382
713656308,0,5.175547329003284e-06
710749458,0,9.513246509764513e-09
817142433,0,4.368424084954826e-08
789491058,0,7.3553023364085915e-06
812488608,0,2.4749466498837706e-08
710563458,0,3.9944756259502775e-10
716013858,0,9.676544846186031e-08
717890583,0,5.050030282819961e-09
789540108,0,8.40912920790214e-09
708753633,0,7.770359941114709e-08
772776033,0,2.7853431476004243e-08
751283658,0,6.137169954569422e-08
711237633,1,0.999999957982904
817197333,0,0.00017099761698242158
718737708,0,6.944731495204867e-07
710507733,0,5.216871314439763e-09
712979133,1,0.9769348103570322
717975333,0,1.7165113928707557e-07
787563858,0,1.7509566065445712e-09
779442783,0,1.8980679296430392e-09
720608658,0,1.7349902249526854e-09
714524583,1,0.9999996723717449
713580633,0,9.347069986560217e-06
712214283,0,1.1213647147117197e-09
720190083,1,0.9999999954899377
718394658,0,1.5185734267884158e-08
708615183,0,3.0458971720072985e-09
827476983,1,0.9968581659936048
803335008,0,1.0747874877621687e-08
711658758,0,6.730536561783601e-09
721232058,0,4.545301050085514e-07
809599158,1,0.9999999373408833
717127083,0,9.18671481881772e-09
709243533,0,1.6696046798036355e-09
711267633,1,0.9999999812557391
809849358,1,0.999997018512149
720708183,0,8.524430352012783e-09
805259733,0,2.0314495897395932e-07
712660308,1,0.9999996955358129
714296358,0,3.686805531380565e-07
823578483,0,1.4532576049099112e-08
709749483,0,2.1728221874503538e-08
715215108,0,6.678889847873079e-09
718415133,0,2.5399508944692137e-07
710500983,1,0.9999752914670366
714970458,0,3.4466138699101033e-09
708931908,0,5.999137291958256e-09
749571633,0,1.3341463319417235e-08
801508383,0,3.790955170062798e-09
717185658,1,0.999999960070433
812618883,0,1.285593798280346e-07
819002508,0,8.128626178667076e-09
710218233,0,6.622248364812259e-08
719344608,0,1.7766485164184778e-06
718464258,0,4.301538691512674e-08
710512833,0,7.873302724805079e-08
718032483,0,4.3515241712504895e-09
710159658,0,3.689475707226797e-08
715765758,0,1.3066863911428282e-06
811700058,1,0.9994402955097951
806824908,0,3.0357930718733355e-09
712428333,0,4.6696675794658655e-09
710971908,0,6.964763724995494e-09
718011783,0,1.3941241999065498e-08
721399833,0,7.496983698795225e-09
710975883,0,3.2089119739353446e-08
712420833,0,1.486479442985442e-07
803115258,1,0.9999998462575229
721005108,0,1.522565273291829e-09
788610258,0,1.0845100065088251e-08
716159958,0,1.7388585613930947e-08
789231858,0,6.704017801359401e-08
719123958,1,0.9999999759353292
719337408,0,4.161592306154522e-05
779486433,0,7.996651616203196e-09
817337958,0,1.701613580105809e-06
712774908,0,1.967135549584921e-06
813234108,0,3.8133896904042795e-07
792524358,0,9.992325945260173e-08
719282433,0,1.431201048138084e-08
720299283,0,7.586873885681404e-10
709479558,0,1.1886292170109089e-06
716102583,0,8.943727474523664e-08
713733633,1,0.9911690936934766
795155433,0,6.625148054919713e-10
711783483,0,2.4425382468174197e-09
721532583,1,0.9991305605453081
714753258,0,4.797462723778594e-09
721055058,0,1.2386581290655973e-07
720510333,0,1.2276401158743605e-08
718146258,0,3.9058876387087927e-07
715664808,1,0.9999999486780928
719964933,0,8.335488667269377e-09
709173108,1,0.9999998962545732
719722308,0,7.941118718109189e-07
719666283,0,7.615321596823077e-08
780006783,1,0.9999999978044245
715601808,0,3.845148648439889e-08
769720683,0,2.1202827618371387e-09
765692658,0,1.3240803496761728e-08
717819633,0,7.456592846659708e-09
718699683,0,1.930112399627568e-08
797169633,0,4.077965069594603e-08
710636208,0,1.4190542597850564e-08
709309308,1,0.9999991209359727
819690933,0,1.183526662004923e-08
711615933,0,3.142300462839439e-08
714933783,0,3.158437509186627e-08
778643733,1,0.9999992349117957
712867983,0,3.591176042874517e-06
718939083,1,0.9999999624959824
713512308,1,0.9991500911739022
790123983,0,5.395004698417126e-09
711153783,0,3.223912498254081e-09
744483633,0,3.808258937056875e-07
719971458,0,1.2771132230071965e-09
716506083,1,0.999999961545397
716329383,1,0.9999994029113065
719719158,0,2.5081134614315156e-08
716107158,1,0.9502411398990631
714477408,1,0.9999889673757247
773146383,0,0.00011077819102011206
708635058,0,3.222191228911519e-09
803421108,0,4.2585656290382523e-07
716210283,0,3.685185988193121e-09
711315783,0,3.7585665493583447e-07
712489158,0,1.1846639902485757e-06
718576908,0,4.239896279759793e-09
753208833,0,4.8332043131699415e-06
798546408,0,2.0226386951642955e-09
827114058,0,2.8795713292976176e-08
771453033,0,2.0071719451541263e-06
718452633,1,0.9999999887875576
718026858,0,7.008033355642363e-09
721181883,0,3.408778253398873e-08
717609633,0,8.400188896058673e-09
710927733,0,4.415584397959501e-08
711551958,1,0.9999999857302442
716365233,0,8.348063946269354e-08
783121008,0,9.466006567775366e-10
716780283,0,2.9231081388523172e-08
718471758,0,1.1362343485812712e-08
756571983,0,4.511633595882532e-06
714700158,0,8.745964352927965e-09
794191008,0,6.993254916513836e-09
711000933,0,5.979120462374061e-10
789025083,0,3.670515404351056e-09
717074283,1,0.9999993581329091
714243408,0,2.145636696672714e-08
716462658,0,1.1550407460490205e-06
719944458,0,1.7319708705697243e-09
718866633,0,5.677483931966752e-09
714247458,0,4.608799507075114e-09
783910008,0,4.024618800245232e-09
714294183,1,0.9999999876224913
789530208,0,1.2456731673995426e-06
714389058,0,5.920179423181912e-09
772661808,0,9.047175709289108e-10
710135058,0,5.372896730527814e-09
716805408,0,4.4670719203644954e-10
789304983,0,7.707264127255687e-07
743912958,0,5.118338624237281e-09
715311183,0,1.2691182858382183e-09
720264783,0,1.1509577046504204e-09
788771733,0,4.325066015717341e-10
711724083,1,0.9998767249939599
717628608,0,2.4229560362543806e-06
712319058,0,6.300418120823776e-08
772231233,0,2.723762141264448e-07
715315008,0,1.0158172221965276e-06
778853358,0,6.103555522532466e-07
714581358,1,0.99999998782968
710810883,0,4.444943720506196e-09
709879458,0,1.6394276818454416e-08
811970808,0,1.687686377881654e-08
720015183,0,2.8864583265432898e-08
708907833,0,4.50910656744581e-09
826261008,1,0.9999998844862616
794682483,0,1.9341717434037408e-08
708098133,0,5.211013131243051e-09
711069483,0,4.586517254756845e-07
709537683,1,0.9999985426490934
710770383,0,1.4760419428789945e-06
809811858,1,0.9999998856241985
772216833,0,2.9304809840258118e-09
717830583,0,7.202749183971088e-10
713779908,0,1.8071526632795404e-08
712507758,0,4.4895058030382483e-07
716093133,0,1.2727346228611893e-08
817382958,0,5.32202754091355e-08
714400308,0,1.6050323024791392e-09
789466008,0,1.5200075925267717e-08
710289783,1,0.999998893709475
712659408,0,4.709631089451307e-10
788791383,0,1.2780313382595935e-07
709822008,0,5.809696853491123e-09
816615633,0,9.747263140536245e-05
718521258,0,1.1003576905846525e-07
713533983,0,1.585373696260283e-08
709444983,1,0.9999997264355307
717405408,0,6.888104256500158e-09
753226158,0,8.702286443817787e-10
780384483,1,0.9999987600916717
720096558,0,2.109363970245346e-07
778567983,0,1.4005108331179963e-08
711649908,0,1.6975311254185424e-09
718038483,0,4.07416181656907e-09
719519058,1,0.9999999296843408
770985633,0,2.0601185852902818e-07
713600958,0,1.3302297223956494e-07
719801508,0,6.405781482169771e-10
713686008,0,1.1766304849803266e-08
720401658,1,0.9999964668983672
715572783,0,8.924691079186778e-08
817908783,0,3.117709536739369e-09
712361583,0,3.2537608901430466e-08
709108533,0,8.805567669926392e-09
718490658,0,2.0056275299692876e-08
790006383,0,8.344298098129728e-07
710744433,0,2.4120499488959108e-05
780865308,0,3.340163979677119e-06
716643033,1,0.999999996913737
789241308,1,0.999999990770703
721344858,0,3.943526139179448e-06
717050883,0,7.517737032715707e-09
788979258,0,9.655354755782026e-09
719125158,0,1.1264914244772855e-05
709545333,0,1.0423904149832864e-08
721165608,0,6.15399241108636e-08
714652383,0,1.1329242524649355e-09
737921733,0,0.0008706508514482285
804428958,0,1.586058403149576e-09
720075558,0,2.1303542788128314e-06
769676358,0,6.461810666468146e-10
716378658,0,2.6501873084570074e-05
714479358,1,0.9999936232478261
712141683,0,2.7078263858267193e-07
710005683,0,2.795569356379389e-08
721228308,1,0.9999999957668702
758833758,0,0.0003195477787913224
787565433,0,1.0291347124841665e-06
780253533,0,1.389482095757748e-06
714595983,1,0.999999998965718
709547658,1,0.9999999372963414
711801933,1,0.9999999711947135
715808808,0,1.0930442939568086e-07
711294258,0,5.440671815873198e-09
708542283,0,1.9754216885917195e-08
787514433,0,7.17250119157672e-08
779773533,0,9.317572762751911e-07
807964908,0,9.924479412766165e-10
757753083,0,1.0594661634648186e-05
779331558,0,2.8831714624969435e-07
799026633,0,7.05579769618807e-07
719898108,0,1.7744475748676926e-08
711252258,0,8.5119554079913e-09
719724933,0,1.2713909874263396e-09
715413483,0,1.1025544863726318e-08
751518633,1,0.9999997807012734
742552683,0,6.096768355011868e-09
756598833,0,2.560518184939463e-06
794562783,0,2.1324206571596338e-08
779942808,0,3.1246957831530846e-08
789151983,0,4.113727744917147e-09
779598183,0,1.2723434569443178e-08
720714933,0,6.150074550382635e-10
708536283,1,0.9999977543534405
714548733,0,2.3417258172313818e-08
713796033,1,0.9999825406303152
770817783,0,2.602437899955675e-08
716032233,0,1.7317553130769212e-09
719806233,0,1.097058042714058e-08
712835433,0,4.849323717742169e-08
713975433,0,2.807744981959412e-08
715076358,1,0.999998608209852
720731808,1,0.9861844613263586
714616308,0,1.0462113684464816e-09
717502083,1,0.9999861314973463
789362058,0,2.2934342988389914e-08
794530608,0,2.8825453349191695e-06
709007883,0,7.633871134627006e-09
709219533,0,1.3071766637576864e-07
787723758,0,1.6292682309539102e-08
710968008,0,1.7236232666743484e-09
780638958,0,4.10883517296379e-09
716951658,0,3.3474806545670577e-06
715956258,0,3.598165918034707e-05
785119833,0,8.08826939988257e-06
710723958,0,5.962309473762794e-07
714011358,0,1.1562545089440915e-07
717724233,0,4.470994559068781e-07
754671558,0,2.1528057372447587e-05
794514108,0,1.0608142057512882e-07
719385558,0,8.489521956690247e-06
712637283,0,4.771328822380118e-08
714222183,0,1.0772858251247124e-09
709175208,0,6.30527791063217e-09
717112533,0,0.00034212367367900196
714426783,0,1.5215632638838556e-08
721448283,1,0.9999998385641925
782548758,0,1.5361547654121203e-08
717561108,0,4.207887283288104e-09
720585183,0,1.3830503171815913e-07
714643983,0,2.3023507537634057e-09
712291308,0,7.355093000481182e-09
713036208,0,1.6674597762771734e-08
709979583,0,5.724734298888901e-07
717517758,0,2.201508983085375e-09
717271983,0,1.7812841047135855e-09
718528008,0,1.199293009716708e-08
719118708,1,0.9999993899995334
708657033,0,7.896103243315865e-10
717489033,1,0.9996243855163487
818926833,0,0.00023398942193666807
708338958,0,3.6935495147529645e-09
827683383,0,1.0384920740141271e-08
717099408,0,1.9797814290980702e-08
716878533,0,4.0854269865136655e-08
797410983,0,7.906704801575446e-08
789625383,0,5.375587737243698e-06
709701558,0,1.5083937333769883e-09
708334158,0,3.649727384801759e-08
710638233,1,0.9999975260789474
794496033,0,1.1222378648065127e-08
709738008,0,5.697232585002643e-10
808756458,0,7.2742623606438876e-09
710982858,0,9.342319576696753e-09
718451133,0,3.594467204343405e-08
717991533,0,4.928773595674609e-10
713104458,1,0.9999999870943357
715783758,0,5.840563822981361e-10
716891583,0,3.6146076333602907e-09
714557583,0,5.76540023287037e-07
714840858,0,2.9054382079761274e-08
788911458,0,1.6854270774258198e-09
712521783,0,4.995759451337993e-07
716756133,0,1.9647287945922197e-08
793550958,0,3.420764522283031e-08
768687183,0,3.0085251667348707e-09
778170633,0,2.9811472367262614e-10
789307833,0,1.8437345008692096e-07
718291233,0,1.402276252659256e-09
718984533,0,8.239302907302338e-09
794293908,0,1.2886013650512243e-07
708829758,0,7.004924390177261e-07
717016833,0,1.821820487448006e-08
711339258,0,7.657045361478126e-09
708754833,0,1.108757004566347e-08
716773533,0,4.3084659180129324e-08
788896983,0,6.886174455914456e-09
715694433,0,6.124820185782155e-09
708403308,0,1.712105626083437e-07
715511658,0,8.005320661574108e-10
717327783,0,1.0013988582614764e-07
717384183,0,1.3612310876653538e-07
818929158,0,1.8831963318057647e-07
789539058,0,5.817907496065734e-06
718357458,0,3.0002943598505798e-05
709530408,0,1.4368129659326697e-07
826245858,1,0.9999958559583788
716800908,0,5.51328473489493e-07
714425283,0,4.150530626503777e-09
718345233,0,0.0011431067553653374
713128833,0,1.4333472876398366e-05
769577358,0,1.3756066683827947e-07
758824608,0,2.697556947052637e-09
716742483,0,3.1546199973915774e-07
710905908,0,4.2113990184103035e-09
712902483,0,7.379102962160012e-10
772105608,0,8.464329798219203e-08
809951133,1,0.9877396981560973
710015733,1,0.9999998481164072
716893683,1,0.9999992736248717
788808633,0,9.525641591072008e-08
714100008,1,0.9999975270007273
717211608,0,6.258817893874262e-07
711008508,0,8.176379176132615e-09
712899333,0,2.256905852821692e-06
714091983,0,2.012588163568633e-09
802878408,0,8.195639663597563e-07
715958583,0,2.428882446027862e-09
716142858,0,6.27425249960897e-09
720449208,0,3.064509463741676e-09
739021908,0,1.014503169369303e-07
817035108,0,1.91369564227664e-08
718957083,0,9.89776706811638e-09
712084383,0,2.40760278153731e-09
771952683,0,1.2947513277329936e-08
719782458,0,1.465064586443146e-09
721164483,0,1.3328781618527406e-08
806989008,0,3.5950527536989676e-09
709624533,0,6.242301577868195e-07
710570058,1,0.9999988776385713
713114133,1,0.9999997814898895
771224358,0,3.561840004354168e-08
809440008,1,0.9999999956820507
785515533,0,2.6614876216929493e-07
713709258,0,1.982221734722515e-07
708104658,0,5.613845215098907e-06
817958733,0,1.170480844487682e-08
721183983,0,1.3880801150273844e-08
810220833,0,6.865689831611342e-09
713373708,1,0.9999999673686426
715710708,0,3.868571903862621e-10
717443658,0,9.847239960049785e-09
717915783,1,0.999994029544198
779217333,0,2.158125889719011e-09
710794983,0,1.5970899115601056e-09
795855258,0,1.413278443104736e-07
788719533,0,0.0028285182434493123
720782658,0,1.1639052497050777e-09
720034983,0,3.711720789701322e-06
713536158,0,1.8860367095820747e-09
755262933,0,5.533328085084132e-07
719136183,0,1.2113189956359192e-09
715898058,0,3.0344805667841895e-08
716315508,1,0.999999841431984
788667408,0,1.7884070504772096e-07
768949983,0,4.691507046505044e-07
778882758,0,1.8640673090732673e-09
709465758,0,2.8908935869058137e-08
719781183,0,6.290732526264869e-09
720101658,0,1.9356468542067238e-05
713782608,0,2.315364715733133e-08
802101858,0,2.312529811807484e-06
708757233,0,1.5092678918174405e-09
709711758,1,0.9999998155207975
772000533,0,8.462944169443908e-08
720827133,1,0.9999999817322077
789903708,0,5.3681880972742886e-09
719855958,0,1.0373906165474337e-09
713254983,0,2.7612249640477977e-08
709120008,0,6.539428036975903e-05
720927183,0,2.3687308759609295e-08
716875083,0,8.353024160692684e-07
716988633,0,5.606386501490319e-08
711553308,0,5.390017023405554e-09
788802483,0,4.867936042303652e-10
708908883,0,1.1520697552795862e-08
712644483,0,1.1880457949662789e-08
716311683,0,9.940932640431051e-08
779707308,0,7.634854519516807e-06
720595083,0,8.157765875410032e-09
715034358,0,2.6330053438279125e-08
720897783,0,2.845666348889671e-09
826513233,0,8.41490698916256e-08
826065258,0,3.694370669634167e-08
772426383,0,7.800737032093182e-10
717972408,0,2.8022899387975133e-08
708888633,1,0.9999999773081695
714916758,0,3.39943228945149e-08
710888883,0,2.4058717647312448e-08
717296808,0,3.857137019687939e-08
713847858,1,0.9999958309883568
768728508,0,3.1129689303162248e-09
762020133,1,0.9999999793709125
710706558,0,0.00026887652626969783
709278258,1,0.9999833915719272
710679933,1,0.9998128808584582
713152383,0,1.345528333369038e-08
771429408,0,4.510068479040166e-08
770721858,0,4.999443380132856e-08
778686408,0,3.036156360878596e-08
771682533,0,1.736680957871482e-07
712378983,1,0.9943987016649514
714615258,1,0.9999999683378958
713027058,1,0.9999999640640218
789485433,0,9.255809376766616e-10
716368008,1,0.9987816820849779
771935283,0,1.7064252039224472e-08
779315508,1,0.999313842854466
794843883,0,2.4525956406187407e-08
822084333,1,0.9999993353442597
714893733,0,3.1645591374020607e-07
719474583,0,6.31196718135548e-06
717141858,0,1.1599086075940532e-08
712714008,0,2.13520207992289e-09
719570733,0,9.707507242705895e-08
720980958,0,2.9298828532117034e-08
720964683,0,1.735434789165001e-07
718263108,1,0.9999117337461676
789101883,0,1.2563964352123507e-07
809292483,0,1.1005000662319941e-07
778973658,0,1.5341665345749164e-07
708560733,0,1.9832676817073906e-07
721171008,0,1.7803661512948344e-06
781297983,0,2.3672322980036922e-06
778228458,0,2.105301351886882e-07
797668983,0,3.39685509153979e-08
713492583,1,0.9999999707771821
715799808,1,0.9999997295408641
711647808,0,3.9381251070023636e-08
720840108,0,3.6403319853231836e-08
711349083,0,0.00031243362081391355
721247883,0,8.25991613104025e-10
720497958,0,5.495841427765981e-07
719466558,0,1.4492724684980714e-07
753220383,1,0.9999999808141778
757481283,0,5.904734487095953e-07
778506633,1,0.9999999832688783
819634233,1,0.9999999935624215
753795633,1,0.9999995936710985
715435758,0,5.292518126983331e-10
772063308,0,1.9430294214547725e-08
718205283,0,1.8904699726682618e-09
720863133,0,1.2639458479029918e-08
709288383,0,1.4716768346983466e-09
709213458,1,0.9999999829240817
708670608,0,1.3498756050693968e-08
709150608,0,7.2865041338924205e-06
713105508,0,2.2576596149863011e-07
716303583,0,1.330966682297663e-08
787669233,0,4.720068383267536e-09
771488583,0,3.2559874084808167e-07
708269583,0,9.902044900431535e-09
779809908,0,1.7482794542364751e-09
720973833,0,9.703153187339222e-07
720236433,0,1.307136436667021e-08
717895833,0,2.089482727352253e-09
718921683,0,1.0327586313100751e-08
713828208,0,1.2702544098663091e-06
779241783,0,1.0803320381671367e-08
797241108,0,9.715911459727778e-09
716635758,0,6.66871394645499e-08
714536208,0,5.333426727404603e-06
709372608,0,2.1154318758863528e-09
769574883,0,0.007464200629566014
718286658,0,3.17698219863027e-09
714839808,0,1.379092517550294e-09
718342158,1,0.9999888280939759
778573233,0,2.270606906711185e-09
715680933,0,1.2610941599373572e-08
708396033,0,1.7152846996919465e-09
713356833,0,8.253730436148893e-07
814593858,0,3.859855423345542e-08
771592458,0,1.7338682732816468e-09
827631483,0,3.139344562708564e-09
811721133,0,1.6070748168687566e-08
720443358,0,1.1886288581294824e-09
709477233,0,3.637619445142975e-09
711942783,0,9.134853012986828e-07
768848658,0,6.88675871219048e-08
788772708,0,8.818608147541531e-09
717109983,0,5.40546674182564e-09
712128258,0,3.336701992681001e-05
720621408,0,3.784240872712053e-05
710295858,0,3.0512835489025097e-09
714647808,0,2.55900966238834e-08
712374708,0,9.143314968269443e-09
715547058,1,0.9999999931228429
720539583,0,3.410568194890191e-08
712952283,0,2.0066925209658325e-09
710475408,0,2.5859771287890167e-09
715007583,0,6.545366597253643e-09
713061558,0,0.0004130703959096087
772288758,0,3.836960317330412e-09
713977308,0,2.4331476028343263e-10
801064833,0,8.846832734936022e-09
708129933,0,3.3159144669109267e-07
789167658,0,4.1390497769864513e-07
720286908,0,6.078223713273965e-10
716565258,0,3.815394615495274e-06
708564858,1,0.9999997162506881
778895883,0,4.993331624884222e-08
709410033,0,1.652268640347146e-07
710745633,0,4.419603627031386e-09
709008708,0,5.234092958522356e-08
714738858,0,1.343606473288618e-09
713639058,1,0.9999999623691705
719739108,0,9.83143643537404e-07
826079508,0,5.4279263510103345e-09
710795883,0,9.541046503796804e-09
710404533,0,1.805118118344737e-08
719359458,0,6.28608351367311e-05
821837958,0,6.328682809747283e-08
710691633,0,2.012614460539633e-08
779296908,0,4.613413465378678e-06
710797833,0,2.545076432994139e-08
804337233,0,1.5209620498440578e-09
713823033,1,0.9999999609479091
720076458,0,3.807822523388909e-09
809818008,0,1.5508416418871735e-08
717376758,0,4.208148638326752e-09
795844983,0,3.128129539131165e-09
789368658,0,1.3184113777243464e-07
720462633,0,2.0443944161414003e-08
708938508,0,3.6886288971007736e-08
709560258,1,0.998776337786865
717513933,0,8.661754190704372e-07
711113958,0,1.353171159999046e-07
713995233,0,1.6030383001500704e-09
717906783,0,1.4766436644113364e-05
716516208,0,8.89550030870379e-08
756658083,0,3.832904640538319e-07
718692258,0,1.3905883501624558e-08
719816583,1,0.9999965875098014
787578183,0,7.009980364844628e-10
788699808,0,0.0023595701187355766
809320908,0,2.163068124179906e-08
789942033,1,0.9996101185987317
714006333,1,0.9999654995950986
710813733,0,2.4189552682372724e-07
711679533,0,2.8919796713670377e-07
709212183,0,4.29404798978506e-08
807523008,0,2.417595646706284e-08
787480158,0,1.6394390633233706e-09
711272058,0,3.1194149654882042e-09
720033033,0,6.993518223233911e-10
794124708,0,5.949081839726942e-08
790164408,0,7.714925978398987e-09
714831033,0,8.394228568773657e-07
718731183,1,0.9999997883494726
827888433,0,2.5761983172383342e-08
711992133,0,1.2533343306894841e-09
711809283,0,5.7541566215570316e-09
714574083,0,6.4761456690350385e-06
769189083,0,6.883243756015649e-09
711968358,0,3.526246198294528e-09
711750183,0,8.151870172629711e-09
716511483,0,3.0360483617005e-08
800869758,0,3.035877441508927e-09
715235808,0,2.633804623913242e-09
714199983,0,6.581115909621047e-10
718540308,0,6.35138065537402e-10
716460933,0,1.2647316938486686e-08
780277458,0,2.092468177624116e-09
798011733,0,5.995389141415984e-09
714046608,0,8.588231100314811e-08
713396358,0,2.06549789834896e-08
714005508,0,6.629387859596474e-09
717444558,0,1.0449739258487271e-08
713905608,0,1.6887331322600433e-07
711126483,0,3.073690904252698e-06
714602658,1,0.9999999703533449
716019333,0,6.022324427106247e-10
714869958,0,1.2316125603530976e-09
778459833,0,9.499223537942354e-08
789309558,0,2.1660014457574145e-05
756736008,0,6.274892466986981e-07
779883933,0,4.594587582448445e-08
709343433,0,1.1070571178910903e-07
806908608,0,2.4175831825244603e-08
720521808,0,1.161746170406292e-06
709523508,0,1.0880903597020583e-07
708373083,1,0.9991544086936857
713325108,0,4.077651952486758e-07
819214233,0,2.6439563344951594e-07
713188383,0,8.428917078199751e-07
770778108,0,1.3693794732470644e-09
716610558,0,9.057884005795252e-07
715174158,0,1.393862838722458e-07
779608083,0,1.281983886652147e-08
780200208,0,1.545569589333811e-08
718675158,1,0.9999993329011092
817977933,1,0.9999998470935382
755273658,0,7.894179431033638e-10
715022133,0,6.60133984563956e-08
719804208,0,2.505994747393516e-10
780056733,0,4.522602892865145e-08
780373233,0,9.688337200076665e-09
817188408,0,6.406867397251805e-09
772073508,1,0.999999995991198
803805483,0,6.46960087922377e-09
717823383,0,1.0498272131705834e-08
789907533,1,0.9999994178621172
788259558,0,2.110074543031356e-08
815515158,0,1.1086930396993708e-09
713884458,0,3.558386924052174e-08
789717708,0,7.654713311564487e-09
708160008,0,1.797185854091459e-09
708702258,1,0.9999977028735992
789023508,0,3.7578486367842987e-08
719265108,0,2.2860539745432876e-07
813213558,0,1.8461518291977734e-07
802460433,1,0.9999999740383205
717995958,0,7.453980427055508e-09
710697408,0,5.756707907798919e-09
805458933,0,1.2859258064017662e-08
713850783,0,3.782287626149256e-08
713876958,0,1.1194935583251e-06
718926258,0,5.3048334766515187e-08
717585858,0,2.198915948290221e-09
710303208,0,1.0237019609496566e-07
770647233,0,8.905979924343113e-07
715459158,0,2.3376598070244615e-09
789185508,0,3.222648800384889e-07
779305008,0,2.0692816363930616e-07
713343333,0,1.3461068846250457e-09
749067633,0,2.2232473465318788e-07
811713408,0,3.375611973144972e-09
789990333,0,9.378370533789075e-08
788770908,0,9.190080597882921e-08
709411383,0,8.789993782485581e-09
708361833,0,2.8105022011513546e-08
712801758,0,1.2417582793688993e-08
721179708,0,7.702335244289693e-09
708511983,0,4.290837508545674e-09
711388458,0,1.4575222361851398e-07
720486408,0,1.7565743916729353e-07
709157133,0,3.171705239257399e-08
712240083,1,0.9999999329298542
782802033,1,0.9999998520055101
712091433,0,9.226248533591607e-08
720494058,0,2.6173044303793386e-08
710277183,0,4.764589240499381e-10
789804933,0,7.773562701913262e-09
719022558,0,5.02157689841178e-10
714573258,0,4.1761469428403075e-06
709919283,0,4.355449976411621e-08
716481408,0,8.411317714801108e-07
719038008,0,5.186596220916143e-07
793456983,0,4.695255111851739e-09
720597108,1,0.9999965418753392
715233108,0,4.1078177517693264e-10
709220583,0,4.583313182202168e-06
779324358,0,0.00016150228734728654
712112733,0,1.3852652744290698e-08
714443058,1,0.9999999519800608
711109908,0,2.0559958526301662e-08
717464958,0,7.746354297769601e-07
713701533,0,1.0066323517006469e-08
772565883,0,1.4657729634461578e-09
758765808,0,0.24124253857622968
716851908,0,4.323804649754832e-08
721500108,0,1.5800939732511244e-09
820268358,0,5.863496277985037e-10
717171408,0,5.984607048699268e-06
713567958,0,1.5209651613851225e-08
716512383,0,1.4608264915284675e-05
713008308,0,2.0088886464362855e-07
780942633,0,3.9121901300903106e-07
716249508,0,3.514681050992412e-09
714909108,0,7.307139651477881e-07
778708533,1,0.9999999572734597
772725408,0,2.9133671821504397e-09
709534083,1,0.9999999742800854
817144458,0,1.838801179903209e-08
807157833,0,5.170073143260008e-10
716371308,0,4.0536248522438537e-07
716332533,0,3.015770141052156e-08
716924958,1,0.9999999293220053
720904233,0,1.4975660970168868e-07
711964533,0,1.4604057368381628e-08
788715483,0,5.537670331421954e-10
788832033,0,7.839167673003473e-08
716022258,1,0.9999998802786955
712208658,0,8.395858505111065e-09
710482533,0,1.4195950476797674e-08
717661908,0,2.8787744984459197e-09
720254883,0,1.973780585459365e-08
719532108,0,2.543771270696257e-05
779610033,1,0.9999988281323419
819977058,0,1.0066209803877525e-09
772202058,0,1.2762167601050249e-06
717658758,0,4.231044601689647e-08
720467583,0,1.0530205727555636e-09
713314533,1,0.99999758372076
719318583,1,0.99999982443544
789122808,1,0.9999948000624399
708525108,0,4.699881781983131e-10
779662308,0,1.9548407524580778e-07
717180633,0,1.0942497374926216e-06
713000058,0,4.582822476799107e-06
709747308,0,2.2580894773408904e-09
712235433,1,0.9999993266762877
712405908,0,1.3637626152750985e-08
778885158,0,5.3175601917146385e-09
789143283,0,1.812663075573938e-09
721233033,1,0.9999999288673023
718486608,0,2.824194851617904e-09
713249883,0,2.002570961806068e-09
797743233,0,2.7226534067638353e-09
778346283,0,2.454364606204812e-05
721113333,0,6.23829031038419e-07
720707283,0,1.555612634475565e-05
788997408,0,1.1529890054058443e-08
710456658,0,3.044741086457158e-09
808796208,0,2.4435434755273358e-08
713685033,1,0.9999994424306002
788912658,0,1.3049432876201101e-08
712157958,1,0.9999950280202194
711148308,0,7.410307793503196e-09
719117433,0,9.456466855382214e-06
